year,week,avg_close_price,avg_open_price,total_volume
1997,35,0.11593759804964066,0.11317699998617173,139248000
1998,9,0.2878125965595245,0.2766145944595337,1294968000
1999,47,4.282812595367432,4.169531285762787,1100400000
2001,43,0.4128999948501587,0.4039000034332275,1170494000
2002,26,0.8081000089645386,0.8080999970436096,839258000
2002,28,0.7647999882698059,0.7606000065803528,689938000
2002,32,0.6836999893188477,0.6769999980926513,487272000
2003,37,2.3105000495910644,2.3091000080108643,837502000
2003,51,2.454799938201904,2.4753000259399416,1057600000
2005,31,2.282800006866455,2.2658999443054197,654496000
2008,15,3.754099988937378,3.786399984359741,626796000
2010,42,8.15,8.09580020904541,988952000
2010,49,8.815800094604493,8.861600112915038,451584000
2013,43,16.813400268554688,16.766799926757812,543950000
2013,48,19.22925043106079,19.05037498474121,207448000
2018,44,79.98369903564453,80.18269805908203,1016148000
2019,10,83.04300079345703,83.5529998779297,469378000
2019,48,89.87612533569336,89.39937591552734,232328000
2020,48,157.46074676513672,157.1291275024414,289886000
2021,26,172.7613983154297,171.82129821777343,239034000
2021,29,180.02650146484376,179.03509826660155,301220000
2022,9,150.0594024658203,151.3393981933594,276024000
2022,17,138.50200347900392,140.2082977294922,600718000
2023,18,103.79800109863281,103.69399871826172,315546600
2024,29,188.11000061035156,190.4459991455078,216879400
1998,5,0.24208339750766755,0.24338520169258118,453360000
1999,18,3.5709375858306887,3.7606249809265138,2210620000
2003,40,2.5039000034332277,2.469700002670288,1065264000
2005,38,2.1013999938964845,2.102999973297119,424190000
2007,3,1.8817499876022339,1.891124963760376,517428000
2007,33,3.6850999355316163,3.7039000034332275,728372000
2009,21,3.8339000225067137,3.807400035858154,626684000
2009,30,4.463899993896485,4.408800029754639,1149630000
2009,51,6.45359992980957,6.514600086212158,915898000
2011,5,8.649200248718262,8.59600009918213,487564000
2011,16,9.0864999294281,9.036374807357788,293562000
2011,37,11.24739990234375,10.983199882507325,668430000
2013,50,19.20349998474121,19.25770034790039,261972000
2016,45,38.259500122070314,38.35149993896484,746594000
2019,47,87.31280059814453,87.26450042724609,260846000
2021,9,152.23699951171875,153.69540100097657,403676000
2024,14,181.8280029296875,181.22799987792968,176830900
2024,18,181.1780029296875,182.66400146484375,336824300
2024,19,188.48799743652344,188.13600158691406,172420800
1999,31,2.3206252098083495,2.366562604904175,2545080000
2009,23,4.2673999786376955,4.15649995803833,830516000
2011,10,8.392300033569336,8.405499839782715,557382000
2011,14,9.206099891662598,9.171799850463866,469534000
2013,18,12.623800086975098,12.632499885559081,464148000
2014,1,17.27100028991699,17.263999938964844,229960000
2014,3,19.79800033569336,19.769900131225587,299392000
2014,24,16.472900009155275,16.578200149536134,367070000
2017,37,49.39140014648437,49.315100860595706,314320000
2018,22,81.36150169372559,80.98550033569336,264672000
2023,42,129.1440002441406,129.9200012207031,252244800
2000,31,1.5518750190734862,1.5231249809265137,652066000
2000,43,1.6393749952316283,1.596875,1652906000
2004,34,1.9368000030517578,1.9135000228881835,967280000
2009,18,4.047900009155273,4.1085999488830565,840486000
2012,40,12.775099945068359,12.766200256347656,260590000
2017,31,49.543600463867186,50.06080017089844,439616000
2021,17,172.23660278320312,172.5648986816406,560628000
2022,18,121.17229919433593,121.58089904785156,607320000
2023,46,143.9199981689453,143.54200134277343,255521100
2007,22,3.4651249647140503,3.463374972343445,772632000
2010,13,6.740999937057495,6.786375045776367,484120000
2015,50,33.14420013427734,33.326900482177734,429456000
2020,6,102.23249816894531,101.94510192871094,476710000
2021,1,158.88380126953126,159.1949035644531,370278000
2025,8,223.18500137329102,225.60000228881836,156867400
2001,13,0.5361000061035156,0.5341000080108642,480750000
2002,12,0.7486999988555908,0.7351999878883362,653354000
2002,33,0.7182000041007995,0.7080999970436096,487432000
2008,44,2.7646000385284424,2.7079999923706053,1229010000
2012,14,9.826124906539917,9.834499835968018,402108000
2019,14,91.05010070800782,90.875,377548000
2021,43,169.0792999267578,167.74629821777344,396426000
2024,17,177.32999572753906,176.48800048828124,202325700
1998,28,0.95625,0.9931249856948853,4138440000
2001,14,0.4361999988555908,0.45529999732971194,601660000
2011,29,10.748699951171876,10.769499969482421,376904000
2013,12,12.827200126647949,12.864100074768066,302572000
2020,16,115.43059997558593,112.16480102539063,832774000
2000,19,2.7420312404632567,2.7646876335144044,535274000
2003,49,2.634500026702881,2.65649995803833,940984000
2008,35,4.1057000160217285,4.139200019836426,538414000
1997,38,0.17093759775161743,0.1706769973039627,513624000
2024,52,226.22750091552734,226.51250076293945,86591300
1997,27,0.08196599967777729,0.07708325050771236,409968000
1998,24,0.45854160785675047,0.434375,2133828000
2001,1,0.723199999332428,0.7300749897956849,986758000
2001,27,0.7399999797344208,0.7221249938011169,604200000
2002,19,0.8421999931335449,0.8360999941825866,747196000
2002,31,0.715499997138977,0.7033000111579895,533096000
2003,31,2.0579999923706054,2.073899984359741,804418000
2005,29,1.8943000078201293,1.8866999864578247,642180000
2006,39,1.6057999849319458,1.5949999809265136,628342000
2009,27,4.095125079154968,4.1627501249313354,569098000
2009,31,4.254100036621094,4.25949993133545,793944000
2009,49,6.954100036621094,6.953200054168701,1258520000
2010,27,5.712124943733215,5.650749921798706,420008000
2011,20,9.818599891662597,9.82770004272461,569954000
2013,23,13.444499969482422,13.392600059509277,305074000
2016,48,37.6384994506836,38.02799911499024,411286000
2017,27,48.36199951171875,48.3566255569458,249302000
2018,11,79.31569976806641,79.84009857177735,509204000
2019,4,82.47112464904785,83.10712623596191,413556000
2020,39,152.04239807128906,150.93419799804687,577280000
2023,52,153.0175018310547,153.48500061035156,123382100
1998,2,0.23244799673557281,0.237812602519989,462984000
2000,32,1.6175000190734863,1.5962500095367431,670346000
2001,7,0.7087500095367432,0.7037500023841858,821784000
2001,9,0.5431249976158142,0.5503125965595246,942676000
2003,38,2.333800029754639,2.3099999904632567,696086000
2006,42,1.624899983406067,1.6248000144958497,572628000
2010,1,6.643600082397461,6.66850004196167,889826000
2010,45,8.516400146484376,8.552199935913086,559544000
2012,31,11.672599792480469,11.708300018310547,312144000
2017,26,49.050200653076175,49.36860046386719,371990000
2020,4,94.07099914550781,94.21962356567383,263498000
2023,13,100.16399993896485,99.91600189208984,245608400
2001,41,0.3721000015735626,0.36380000710487365,401582000
2003,21,1.6050999879837036,1.6037999868392945,771662000
2003,29,1.8667999744415282,1.9009999752044677,824246000
2009,32,4.273199939727784,4.280900001525879,608826000
2010,24,6.2928999900817875,6.2604998588562015,394866000
2011,3,9.21875,9.348124742507935,405894000
2012,45,11.576100158691407,11.615800094604491,284130000
2013,34,14.369699859619141,14.321699905395509,185270000
2013,36,14.65499997138977,14.52525019645691,188896000
2013,49,19.34360008239746,19.476100158691406,293268000
2014,36,17.171375274658203,17.156375408172607,207846000
2014,44,14.842099952697755,14.736999893188477,500220000
2015,18,21.418899917602538,21.600500106811523,408136000
2015,36,25.237000274658204,25.328200149536134,328322000
2018,7,71.62239990234374,70.81109924316407,574826000
2022,19,108.60110015869141,108.49700012207032,568972000
2022,21,108.93119964599609,107.53230133056641,490514000
2025,19,189.04200134277343,188.28999938964844,179186900
2005,40,2.2315999984741213,2.250699996948242,567776000
2005,49,2.440100002288818,2.447100019454956,669642000
2006,36,1.5408750176429749,1.5516250133514404,614214000
2009,16,3.861700010299683,3.8545000553131104,733584000
2009,38,4.38829984664917,4.35379991531372,715506000
2013,21,13.229899978637695,13.254700088500977,219576000
2014,9,17.92130012512207,17.75870018005371,359802000
2022,27,114.92500114440918,112.31499862670898,247134600
2025,29,225.04800415039062,225.12200317382812,179835400
1999,29,2.993125343322754,3.061875247955322,2628448000
1999,46,3.8481249809265137,3.8243750095367433,798086000
2000,27,1.8210937678813934,1.8335937559604645,332274000
2008,11,3.3367000102996824,3.303399991989136,998818000
2009,43,4.950200080871582,4.912399959564209,1927610000
2010,35,6.551099872589111,6.442999935150146,535570000
2015,10,19.209099960327148,19.21639976501465,233306000
2015,11,18.592599868774414,18.66800003051758,266984000
2017,4,41.517601013183594,41.29120025634766,325536000
2018,8,74.20762634277344,74.02737426757812,441596000
2019,25,95.25679931640624,95.3511978149414,331522000
2024,33,172.3559997558594,171.99199829101562,181342200
1999,34,3.141875219345093,3.0912502288818358,1946488000
2003,25,1.7807000160217286,1.7759999752044677,791704000
2005,47,2.4142500162124634,2.3986249566078186,820792000
2010,15,7.136299991607666,7.110000038146973,687150000
2011,7,9.403299903869629,9.410599708557129,403690000
2017,35,48.26519927978516,48.03880004882812,284860000
2019,29,99.65339965820313,100.10250091552734,296616000
2023,10,92.84000091552734,93.83999938964844,272158400
1999,27,3.122656285762787,3.161718785762787,821608000
2012,5,9.354500007629394,9.23970012664795,1127794000
2018,27,85.22625160217285,85.10050010681152,219928000
2021,23,164.39750061035156,163.24469604492188,287638000
2006,14,1.858500027656555,1.8522000074386598,586608000
2016,4,30.03479995727539,29.837800598144533,840150000
2020,1,94.32449722290039,93.48749923706055,155868000
2025,9,212.1760040283203,214.2040008544922,232786500
2025,32,218.70599975585938,217.85799865722657,257792200
2015,5,15.866299819946288,15.789799880981445,833330000
2017,48,58.89800033569336,59.41490020751953,583544000
1997,23,0.07604160010814667,0.07453120052814484,366696000
2002,49,1.164299988746643,1.1681999921798707,899372000
2003,3,1.1025000095367432,1.08919997215271,697146000
2003,7,1.0343000173568726,1.0468999981880187,768230000
2003,26,1.7939000129699707,1.7804999828338623,805848000
2003,33,1.9939000129699707,1.9833999872207642,517178000
2005,5,1.9905000448226928,1.990400004386902,2344574000
2005,46,2.2699999809265137,2.245800018310547,2067368000
2006,37,1.5835000038146974,1.5627000093460084,645620000
2007,37,4.319499969482422,4.295300006866455,623904000
2007,44,4.411200046539307,4.438500022888183,760872000
2010,34,6.2947999954223635,6.297300052642822,487000000
2012,10,9.170799827575683,9.1128999710083,479570000
2013,1,15.671000480651855,15.649200057983398,247594000
2013,13,13.101500034332275,13.002500057220459,205670000
2014,10,18.40270004272461,18.35399971008301,291148000
2018,10,77.37000122070313,76.67460021972656,447332000
2018,20,79.21069946289063,79.31189880371093,298956000
2018,41,89.97959899902344,91.23879852294922,930710000
2019,39,87.6052978515625,88.25760040283203,369510000
2020,41,159.7205017089844,158.80830078125,425072000
2021,34,165.3646026611328,164.33999938964843,240028000
2021,41,164.86790161132814,164.15580139160156,271266000
2022,48,94.50799865722657,94.38200073242187,384300600
2023,29,132.34200134277344,133.21400146484376,350992000
1998,12,0.34348979592323303,0.3399478018283844,772008000
1998,30,1.0923959970474244,1.0860415935516357,3360240000
2000,1,3.761875057220459,3.756874990463257,2026396000
2001,25,0.6120000004768371,0.6197999954223633,771460000
2002,7,0.667799997329712,0.6601999998092651,790416000
2002,17,0.7889000058174134,0.7752999901771546,1353850000
2006,22,1.7384999990463257,1.7536250054836273,449846000
2010,30,5.874100017547607,5.872100067138672,753190000
2013,27,14.196749687194824,14.088000059127808,189696000
2014,49,15.983699989318847,16.23680019378662,399434000
2015,23,21.562299728393555,21.589299774169923,221376000
2016,24,35.7270004272461,35.78580017089844,351286000
2017,41,49.770600128173825,49.84989929199219,297188000
2018,51,74.05749816894532,75.98039855957032,955542000
2019,19,95.79169921875,95.74839935302734,528496000
2019,30,98.97799987792969,98.79429931640625,345968000
2019,50,87.58710021972657,87.54730072021485,257926000
2022,34,133.73399963378907,134.73800048828124,216159600
2023,24,126.45,126.35199737548828,299030900
2024,1,171.48333485921225,172.34166463216147,251098700
1999,36,3.181250035762787,3.190624952316284,751776000
2003,1,1.9901000261306763,1.985700011253357,675150000
2007,9,1.9538999795913696,1.9759999990463257,752338000
2007,48,4.36899995803833,4.332199954986573,850136000
2008,32,3.9036999702453614,3.852500009536743,666128000
2010,43,8.385300064086914,8.421599960327148,532504000
2013,3,13.56160011291504,13.515399932861328,269882000
2014,29,17.7677001953125,17.642100143432618,406556000
2014,45,15.01550006866455,15.077500152587891,354998000
2015,37,26.076375007629395,25.861374855041504,279706000
2018,19,80.12520141601563,80.03810119628906,311770000
2018,29,91.36009979248047,91.35980224609375,491446000
2020,14,96.46790008544922,96.32940063476562,466350000
2022,25,111.63249969482422,109.5999984741211,265154200
2022,32,140.82400207519532,141.78200073242186,239948300
2023,1,85.04000091552734,85.09250068664551,296825300
2023,6,100.03800048828126,101.00399932861328,394687400
2023,35,135.85,135.3220001220703,208664300
2024,27,198.6974983215332,197.3400001525879,158248800
2024,47,200.93800048828126,201.63999938964844,190707600
1998,46,1.0733333826065063,1.0686457872390747,1871964000
2005,12,1.6610000431537628,1.679999977350235,464722000
2005,42,2.264899969100952,2.2466000080108643,535304000
2008,25,4.12549991607666,4.088799953460693,694192000
2009,13,3.65,3.6438000202178955,783848000
2013,22,13.36062502861023,13.29562497138977,208324000
2015,48,33.734249114990234,33.76800060272217,271864000
2019,1,83.09529876708984,82.31210021972656,606450000
2021,19,159.5071014404297,159.74629821777344,441414000
2022,42,115.95800018310547,114.5,280043100
2006,15,1.8177499771118164,1.820250004529953,358482000
2008,3,4.033399963378907,4.023400020599365,1087684000
2014,16,16.0072500705719,15.941250085830688,365524000
2017,3,40.432125091552734,40.63099956512451,238834000
2020,9,97.29669952392578,97.48889923095703,712314000
2022,15,152.28924942016602,152.95349884033203,212278000
1997,21,0.07666680216789246,0.07968759983778,1162824000
2000,24,2.3618750095367433,2.4393749713897703,408412000
2010,26,5.557699871063233,5.635100078582764,824522000
2011,31,10.471600151062011,10.69689998626709,743532000
2016,10,28.11069984436035,28.24659996032715,434508000
2018,21,79.81940155029297,79.46969909667969,290622000
2023,45,141.73800354003907,140.952001953125,228568800
2024,51,226.56199645996094,227.62799987792968,244979500
1998,29,0.947187602519989,0.9113543868064881,1880832000
2012,23,10.826999855041503,10.741399955749511,338690000
2016,13,29.6455997467041,29.510300064086913,340076000
2025,3,221.23400268554687,222.31799926757813,150393100
2014,17,16.257500076293944,16.349499893188476,715790000
2015,8,18.893250465393066,18.795124530792236,250712000
1997,44,0.2481772005558014,0.24437500536441803,694680000
2000,39,1.9643749713897705,1.9684376001358033,642524000
2017,10,42.48590087890625,42.46709976196289,232582000
2014,6,17.562200164794923,17.609499740600587,543906000
1998,25,0.6105210065841675,0.5903125941753388,3629052000
1998,36,0.706171989440918,0.725,3981264000
1999,49,4.726874923706054,4.691250038146973,1701742000
2000,4,3.3281249523162844,3.3637500286102293,1314484000
2000,15,2.780000019073486,2.9949999809265138,973584000
2001,46,0.41829999089241027,0.40660000443458555,1470072000
2002,25,0.9057000041007995,0.8949000000953674,766156000
2002,30,0.6956999897956848,0.6949000000953675,1106150000
2003,35,2.2991999626159667,2.280299997329712,626624000
2004,41,2.0447999954223635,2.05290002822876,739906000
2004,50,1.9527999877929687,1.9543999910354615,651210000
2007,17,2.7171000480651855,2.598799991607666,4884366000
2007,28,3.6096999645233154,3.5600000381469727,1084990000
2009,35,4.1975998878479,4.227199935913086,434928000
2010,37,7.327199935913086,7.277499961853027,547740000
2011,49,9.670599937438965,9.706500053405762,541426000
2015,39,26.808599853515624,26.954600143432618,337892000
2017,14,45.00780029296875,45.03769989013672,519408000
2017,25,49.95029983520508,50.18470001220703,343504000
2018,4,68.27360076904297,67.70090026855469,514544000
2018,43,86.47179870605468,86.52869873046875,868036000
2021,24,171.58389892578126,170.06000061035155,391658000
2022,14,160.6804962158203,161.7333984375,296804000
2022,46,96.70800018310547,98.02999877929688,453874300
2025,4,233.99750137329102,232.38000106811523,133694800
1998,18,0.38343780636787417,0.38645820021629335,3038592000
1998,47,1.2877082109451294,1.2591665983200073,4759620000
1998,48,1.7904947400093079,1.7679690420627594,3731328000
1999,7,2.396875023841858,2.4761719703674316,1318584000
1999,24,2.6221877574920653,2.605312871932983,1755892000
2004,9,2.1588999748229982,2.1837000370025637,814278000
2009,12,3.496400022506714,3.486899995803833,980580000
2009,33,4.221399974822998,4.219000053405762,514442000
2010,8,5.9156999588012695,5.89390001296997,730408000
2010,16,7.267799949645996,7.237400054931641,1036982000
2010,32,6.359700012207031,6.34330005645752,493578000
2013,31,15.195099830627441,15.304100036621094,272616000
2013,45,17.676799774169922,17.791600036621094,262620000
2014,20,14.980099868774413,14.90220012664795,369894000
2014,46,15.729300117492675,15.458100128173829,427198000
2015,30,24.75970001220703,25.371099853515624,846660000
2020,20,119.325,118.82879943847657,380002000
2022,8,150.0427474975586,148.12912368774414,293554000
2024,26,191.32400207519532,191.15999755859374,312408400
1998,45,1.0665626049041748,1.073854184150696,2077836000
2000,10,3.2675000190734864,3.2125,596226000
2001,48,0.5774999976158142,0.5630999982357026,3253540000
2002,35,0.7410000085830688,0.7414999961853027,504110000
2003,43,2.8180000305175783,2.8286999702453612,1719056000
2005,36,2.165750026702881,2.14362496137619,425084000
2007,42,4.502200031280518,4.516900062561035,725094000
2015,20,21.49020004272461,21.510200119018556,249332000
2018,6,69.39720001220704,70.1624984741211,1048892000
2020,24,128.75350036621094,128.7935012817383,506578000
2021,18,165.668798828125,167.6886962890625,483684000
2023,14,102.3799991607666,102.4275016784668,178781600
2000,8,3.3945311903953552,3.3476563096046448,497336000
2000,51,0.8556249976158142,0.8893750071525574,1390856000
2001,26,0.6861000061035156,0.6759999990463257,624332000
2004,25,2.4930000782012938,2.490899991989136,529664000
2004,46,1.9210000038146973,1.8906999826431274,849052000
2004,47,1.9978000402450562,2.002400016784668,836908000
2005,34,2.1423999786376955,2.1551000118255614,414332000
2006,49,1.9356000185012818,1.9406000137329102,659930000
2009,36,3.9582000732421876,3.9837000370025635,536680000
2010,17,7.0731000900268555,7.12829999923706,792406000
2017,6,40.88670043945312,40.77220077514649,302718000
2018,37,98.76219940185547,98.86199951171875,425118000
2020,47,155.88599853515626,156.33070068359376,331098000
1998,39,0.8169793963432312,0.7678124189376831,3747588000
1999,25,2.912812614440918,2.9343753814697267,1349868000
2015,25,21.53050003051758,21.5072998046875,288136000
2017,20,47.871299743652344,47.820700073242186,409074000
2020,29,151.58739624023437,154.0034973144531,637934000
2025,18,187.93799743652343,187.66800231933593,282238000
2002,4,0.6689999997615814,0.6442499905824661,2568452000
2005,32,2.257599973678589,2.257200002670288,625672000
2007,8,2.056874990463257,2.0464999675750732,476706000
2009,19,4.0089000225067135,4.06569995880127,786374000
2012,37,12.898999977111817,12.894399833679199,291140000
2019,2,82.422900390625,82.01539916992188,688346000
2025,7,230.77599487304687,230.1960021972656,149796400
2002,27,0.7041250020265579,0.7192500084638596,665540000
2004,18,2.320100021362305,2.344999980926514,826050000
2006,18,1.724399995803833,1.733899974822998,645088000
2007,20,3.109700012207031,3.094600057601929,1052360000
2004,37,1.9145000278949738,1.9251249730587006,480710000
2011,21,9.708799934387207,9.72130012512207,365236000
2017,47,57.5994987487793,57.05412483215332,234532000
2022,20,109.64030151367187,110.73269958496094,447036000
2020,35,168.9759979248047,168.29299926757812,446592000
2021,31,167.73369750976562,168.0438995361328,295324000
2021,35,173.12530212402345,172.25390625,333558000
1997,49,0.21963559985160827,0.21536459922790527,212712000
1998,7,0.2589581966400146,0.2560415953397751,657072000
2001,30,0.6418000102043152,0.6693000078201294,1467498000
2002,21,0.9582000136375427,0.9524999976158142,623960000
2005,4,2.07189998626709,2.066200017929077,812590000
2006,30,1.4788999795913695,1.4936000108718872,2808328000
2007,34,3.872399997711182,3.831699991226196,650480000
2012,44,11.6241668065389,11.742666562398275,241548000
2012,49,12.634200096130371,12.620599746704102,293714000
2013,6,13.112699890136719,13.154400062561034,367236000
2014,39,16.214799880981445,16.237099838256835,293426000
2015,9,19.090599822998048,19.07430076599121,249834000
2015,40,25.652799606323242,25.554499435424805,445260000
2016,34,38.07399978637695,37.998600006103516,186946000
2017,38,48.37009963989258,48.71759948730469,279012000
2017,45,56.3119010925293,56.08769989013672,291284000
2018,14,70.31590118408204,70.39199981689453,799458000
2020,2,94.85919952392578,94.77799987792969,352714000
2024,6,170.85599670410156,169.9239959716797,244063400
2025,35,229.2740020751953,228.67200317382813,129872400
1997,50,0.2313541978597641,0.22833339869976044,304608000
2004,40,2.0153000116348267,2.0234999895095824,1018026000
2005,50,2.466699981689453,2.4578999996185305,513000000
2007,30,3.9522000312805177,3.967699956893921,2645444000
2007,43,4.590499973297119,4.526299953460693,2274094000
2007,50,4.565299987792969,4.6206999778747555,694538000
2008,12,3.5198749899864197,3.440500020980835,834248000
2009,6,3.155299997329712,3.0714999198913575,1399194000
2013,8,13.344000101089478,13.348124980926514,262906000
2015,13,18.580700302124022,18.639299392700195,268736000
2015,21,21.300699996948243,21.310199737548828,263852000
2016,7,26.43875026702881,26.376500129699707,393044000
2016,17,31.11240005493164,31.361199951171876,549128000
2016,43,40.905400085449216,41.10250015258789,591098000
2017,16,45.055599212646484,44.98699951171875,279180000
2018,26,84.15999908447266,84.72530059814453,516864000
2018,31,90.11449890136718,90.24329986572266,485386000
2020,25,131.5792022705078,131.19190063476563,373496000
2020,42,168.61629943847657,169.20169982910156,632388000
2021,45,175.4490997314453,176.00359802246095,327002000
2021,46,180.0800994873047,179.19760131835938,366946000
2023,25,127.52249908447266,126.25749969482422,271350200
2025,25,213.2825050354004,214.31999588012695,185081700
1999,11,3.386250448226929,3.3903126239776613,908960000
2000,22,2.6015625596046448,2.491406202316284,568798000
2002,14,0.697599995136261,0.7069000005722046,486102000
2004,11,2.114799976348877,2.125400018692017,668014000
2004,51,2.0133000135421755,2.0083999633789062,577574000
2005,27,1.7104999721050262,1.6927500069141388,405618000
2006,7,1.9371000051498413,1.9282999753952026,527742000
2008,1,3.597416639328003,3.6362500190734863,1083052000
2008,5,3.763099956512451,3.741499996185303,2060178000
2009,37,4.1441251039505005,4.090375065803528,536876000
2011,25,9.602899932861328,9.516000175476075,367362000
2012,19,11.264100074768066,11.159600067138673,407814000
2016,9,28.6439998626709,28.510700225830078,398478000
2018,39,98.99740142822266,98.12839965820312,429602000
2020,3,93.65420074462891,94.18320007324219,315502000
2020,32,158.4820983886719,158.4386016845703,431244000
2020,46,155.55240478515626,156.697802734375,525330000
2022,2,163.0813995361328,162.81219787597655,298796000
2000,42,1.2993750095367431,1.2712499856948853,1271474000
2002,16,0.7151000022888183,0.7092000007629394,475896000
2003,44,2.7849999904632567,2.800399971008301,839028000
2004,39,2.107100009918213,2.125699996948242,835028000
2008,34,4.150500011444092,4.16859998703003,599280000
2009,10,3.149600028991699,3.188100051879883,1180570000
2012,32,11.717399978637696,11.719899940490723,176738000
2015,31,26.5935001373291,26.6140998840332,465708000
2016,2,29.80620002746582,30.11100044250488,645868000
2016,21,35.36449966430664,35.33590087890625,271850000
2016,38,39.55510025024414,39.36620025634765,267708000
2018,34,94.73320007324219,94.64889984130859,308240000
2021,38,169.2093017578125,169.0406005859375,287140000
2024,50,227.56399841308593,227.58800048828124,170377300
1998,15,0.3734375014901161,0.3750000074505806,1000152000
2002,11,0.7726999998092652,0.7769999980926514,905864000
2002,34,0.7775999903678894,0.7709999918937683,623110000
2004,10,2.1663000106811525,2.1451999664306642,706686000
2004,21,2.0791000366210937,2.097399950027466,616126000
2007,46,3.918199968338013,3.9301000118255613,845324000
2011,43,10.872599983215332,10.890899848937988,1275546000
2012,2,8.911499977111816,8.987299919128418,445694000
2012,41,12.415900230407715,12.595200157165527,297118000
2014,34,16.699399948120117,16.74499969482422,203840000
2017,32,48.89029998779297,49.03899993896484,366024000
2020,34,163.37469787597655,162.35130310058594,382614000
2003,10,1.1216000080108643,1.1057000160217285,527016000
2014,11,18.552400207519533,18.594999694824217,355994000
2019,13,88.77890014648438,88.91500091552734,413166000
2024,15,186.39800109863282,186.2740020751953,190250100
2024,20,185.59200439453124,185.43000183105468,211066900
1998,11,0.33618499636650084,0.3356251955032349,1529544000
2025,14,185.56999816894532,182.77200012207032,377207100
2025,27,220.79500198364258,221.1425018310547,158671200
2013,9,13.12490005493164,13.123100090026856,298266000
2017,52,58.93237495422363,58.99524974822998,168050000
1998,16,0.40083360075950625,0.39890640377998354,1235520000
2000,50,1.2049999952316284,1.2024999856948853,804546000
2001,17,0.7866999864578247,0.8049000144004822,769918000
2005,8,1.7317500114440918,1.7293749749660492,632552000
2005,25,1.7674000263214111,1.7658999919891358,420788000
2007,12,1.952999997138977,1.9411999940872193,425946000
2010,19,6.556199932098389,6.5537999153137205,599454000
2013,10,13.705600166320801,13.642199897766114,260174000
2015,3,14.571100044250489,14.672500038146973,419878000
2017,17,45.67689971923828,45.89240036010742,435652000
2021,32,165.52130126953125,166.1573974609375,237576000
2021,37,173.3372039794922,173.49240112304688,293272000
2023,20,114.9,114.38800201416015,318369600
2023,27,129.68500137329102,129.47500228881836,146792400
2025,21,203.08800354003907,201.63399963378907,178578500
1997,37,0.1638542026281357,0.15505219995975494,521640000
1999,23,2.823437786102295,2.84750018119812,1324944000
1999,45,3.6875000476837156,3.668749952316284,1798734000
2000,28,1.8087499618530274,1.7900000095367432,1128732000
2001,45,0.3555999994277954,0.3589999914169312,710026000
2002,2,0.5778999924659729,0.5899999976158142,830126000
2008,30,3.6401999950408936,3.6,1475124000
2008,52,2.5517500042915344,2.5896250009536743,465264000
2010,6,5.919699954986572,5.917799949645996,835268000
2010,12,6.57559986114502,6.53769998550415,741364000
2012,15,9.459700202941894,9.523599815368652,387768000
2012,30,11.23430004119873,11.182400131225586,648436000
2013,26,13.755099868774414,13.729399871826171,301114000
2014,13,17.267300033569335,17.544499969482423,463862000
2015,22,21.40862512588501,21.38237476348877,188076000
2016,14,29.67439994812012,29.70369987487793,268210000
2017,28,49.99550094604492,49.85670013427735,302418000
2021,6,164.5436004638672,165.2699005126953,264984000
2024,5,161.30999755859375,160.4199981689453,334522900
2024,41,184.83200073242188,184.29000244140624,148616000
2025,28,222.52999877929688,222.6240020751953,201340100
2002,1,0.7325000047683716,0.7218000054359436,878086000
2004,30,2.2356999635696413,2.26899995803833,1582562000
2005,9,1.775699996948242,1.7651000022888184,593698000
2006,21,1.754800009727478,1.733899998664856,797154000
2009,39,4.593200016021728,4.574099922180176,549828000
2009,40,4.5817999839782715,4.57810001373291,562512000
2019,38,90.63509979248047,90.90869903564453,310738000
2021,30,178.84040222167968,179.8114990234375,510340000
2022,3,152.3817481994629,156.14574813842773,356480000
1999,16,4.551875257492066,4.479375123977661,2074236000
2000,7,3.5268749713897707,3.615625,614208000
2004,36,1.926099991798401,1.9353999853134156,601168000
2006,20,1.6370000123977662,1.6220999956130981,761502000
2011,26,10.217599868774414,10.054199981689454,459834000
2011,36,10.809124946594238,10.711499691009521,409684000
2014,43,15.347500228881836,15.260799980163574,775180000
2016,26,35.56209945678711,35.42279968261719,369012000
2018,30,91.20119934082031,91.85569763183594,630216000
2018,48,82.04239807128906,80.83399810791016,657492000
2023,33,136.102001953125,136.5240020751953,228457900
2025,16,177.1624984741211,180.1349983215332,188246300
2010,7,5.867999911308289,5.885999917984009,695864000
2012,20,11.035899925231934,11.215599822998048,476186000
2017,49,57.49659881591797,57.67089996337891,368534000
2022,13,166.23279724121093,166.89260559082032,299232000
2024,40,184.93800048828126,185.05599975585938,172427500
2002,50,1.1015000104904176,1.1028000116348267,615448000
2000,12,3.4762500286102296,3.4362499713897705,993018000
2005,35,2.1132999897003173,2.1125999450683595,387068000
2010,29,5.964100074768067,5.842500114440918,1485042000
2013,35,14.136800193786621,14.206999778747559,174918000
2024,30,182.4280029296875,183.12000122070313,202972200
2024,48,205.73500061035156,203.49749755859375,135313400
2003,2,1.0603999853134156,1.0470999956130982,759638000
2015,28,21.803600311279297,21.806500244140626,248258000
2007,27,3.459500014781952,3.462000012397766,324656000
2024,32,163.69200134277344,162.80800170898436,272525600
2025,36,229.83499908447266,228.77750396728516,164180600
2020,10,96.63889923095704,96.36430053710937,581818000
1998,1,0.24791699647903442,0.25,33216000
1998,43,0.9221873998641967,0.8988542079925537,1775736000
1999,20,3.3459377765655516,3.33937520980835,1215696000
2001,24,0.693999981880188,0.7218999981880188,516980000
2002,13,0.7264999896287918,0.7301250100135803,426200000
2002,41,0.8685999989509583,0.8546999812126159,761734000
2005,41,2.1612000465393066,2.16080002784729,461934000
2007,47,4.009499907493591,3.975499927997589,594380000
2008,43,2.5246999740600584,2.421999979019165,1776854000
2010,2,6.41259994506836,6.478299999237061,1075006000
2010,3,6.267999887466431,6.328750014305115,790136000
2010,31,6.262199974060058,6.156999969482422,600316000
2012,21,10.788500213623047,10.79020004272461,337384000
2012,36,12.55774998664856,12.474499940872192,339886000
2017,46,56.59869918823242,56.485600280761716,292244000
2019,33,89.40910186767579,89.4688003540039,371404000
2020,13,95.84359893798828,95.32799835205078,660878000
2021,28,182.82420043945314,184.82460021972656,338862000
2022,43,114.09000091552734,113.49200134277343,522007200
2023,9,93.43800048828125,93.08800048828125,254998100
2024,24,185.73399963378907,185.66400146484375,160872800
1998,19,0.3855992019176483,0.3877083957195282,797064000
2000,16,2.5976563096046448,2.51953125,664300000
2007,11,1.9034000396728517,1.9052000045776367,656108000
2008,28,3.57310004234314,3.594099998474121,801104000
2009,3,2.5488999843597413,2.555400037765503,955152000
2011,4,8.845299911499023,8.798899841308593,970322000
2012,9,9.013599967956543,8.996999931335449,467296000
2013,51,19.699700164794923,19.557299423217774,310916000
2015,41,26.960600280761717,26.954700469970703,398402000
2016,29,37.11030044555664,37.07280044555664,239610000
2019,32,89.86829986572266,89.71390228271484,444728000
2020,43,159.89960021972655,161.15260009765626,440094000
2021,49,174.01480407714843,174.3135009765625,287276000
2023,2,93.14199981689453,91.41399993896485,406953100
2024,44,191.25599670410156,192.4720001220703,276163200
2000,52,0.8343749940395355,0.8210937529802322,678338000
2005,3,2.1507500410079956,2.1557499766349792,759232000
2005,28,1.827500009536743,1.810199999809265,506346000
2005,39,2.199600028991699,2.1698999881744383,509568000
2006,17,1.7807999849319458,1.783299994468689,727492000
2009,8,3.1228750348091125,3.0981249809265137,612310000
2011,33,9.580100059509277,9.732299995422363,590046000
2015,51,33.27110061645508,33.18990020751953,471410000
2022,50,90.18600006103516,91.01999969482422,463456800
2024,49,217.9780029296875,215.002001953125,205802000
1997,48,0.21022124588489532,0.21406250074505806,171168000
2002,20,0.9483999967575073,0.9337000012397766,970410000
2006,35,1.5168999910354615,1.4854000091552735,745580000
2008,29,3.463800001144409,3.432599973678589,1005954000
2009,15,3.878125011920929,3.8458749651908875,484708000
2009,25,4.125399971008301,4.139900016784668,590880000
2011,11,8.192999839782715,8.19789981842041,561574000
2013,38,15.406599998474121,15.278200149536133,294090000
2018,13,74.1458740234375,74.44250106811523,778214000
2020,22,120.94650077819824,120.7907485961914,306504000
2021,15,168.90919799804686,169.11099853515626,323248000
2007,19,3.07979998588562,3.0836999893188475,1104108000
2009,50,6.691599941253662,6.753800106048584,957260000
2011,50,9.127599906921386,9.220600128173828,783574000
2012,3,9.456000089645386,9.295999765396118,516486000
2012,8,9.01075005531311,9.04924988746643,427288000
2015,35,24.668900299072266,24.663000106811523,619934000
2021,5,167.18559875488282,166.9636993408203,512782000
2021,39,165.91179809570312,166.56329956054688,326112000
2023,44,135.89400329589844,134.8300018310547,281900800
2002,9,0.7189000129699707,0.6957000017166137,769748000
2010,33,6.399100017547608,6.366200065612793,534470000
2013,32,14.916500091552734,14.982600021362305,206738000
2016,18,33.59109954833984,33.33230056762695,507736000
2016,19,35.23899917602539,35.05759963989258,544752000
2018,12,77.53780059814453,77.95800018310547,604796000
2019,27,96.73012351989746,96.33562660217285,203134000
2002,36,0.7373750060796738,0.731374979019165,388522000
2004,17,2.331800031661987,2.301599931716919,1023608000
2007,32,3.8480999946594237,3.849300003051758,854460000
1999,13,4.109375238418579,4.078906238079071,1574656000
2000,38,2.025624990463257,2.0181250095367433,696852000
2017,11,42.658200073242185,42.684400177001955,236584000
2019,46,87.96850128173828,88.37530212402343,263310000
2021,4,162.96529846191407,164.31389770507812,376160000
2025,12,195.052001953125,194.1280029296875,226177600
2010,25,6.056400108337402,6.103000068664551,610616000
2020,37,158.87224960327148,160.78624725341797,434152000
2012,47,11.767500162124634,11.650625228881836,221980000
2011,47,9.41224980354309,9.546375036239624,684402000
1998,42,0.7909375905990601,0.7881249904632568,1729380000
1998,44,1.0129168033599854,1.0135416030883788,2273748000
1998,50,1.7457292079925537,1.6928123712539673,2873196000
1999,12,3.270000171661377,3.2396878242492675,1407616000
1999,15,4.4403125762939455,4.473124980926514,1494388000
1999,50,4.8356249809265135,4.986875057220459,837108000
2001,2,0.825,0.7793751955032349,1321864000
2001,32,0.5501999974250793,0.5730000019073487,476634000
2001,36,0.411250002682209,0.41762499511241913,803696000
2002,39,0.8187000036239624,0.8041999936103821,849702000
2002,47,1.1399999856948853,1.1240999937057494,1477238000
2003,9,1.089299988746643,1.0800000190734864,528906000
2003,32,1.9542000055313111,1.9569000244140624,685392000
2004,15,2.3418750166893005,2.325249969959259,505714000
2004,38,2.104200029373169,2.0661999702453615,1091078000
2005,7,1.7882999897003173,1.7914000034332276,544368000
2005,13,1.6941999912261962,1.6908999919891357,487728000
2005,23,1.7609999895095825,1.7703000068664552,428408000
2006,31,1.3327999830245971,1.3274999856948853,923418000
2006,38,1.568400001525879,1.5895999908447265,900934000
2006,40,1.6124000072479248,1.6045999765396117,691778000
2006,48,2.021500015258789,2.04089994430542,771582000
2006,51,1.9882000207901,1.9825999975204467,678526000
2008,2,4.272599983215332,4.317399978637695,1218200000
2008,17,3.9933000564575196,3.9578999996185305,1327216000
2008,41,2.97020001411438,3.0045000076293946,1448372000
2009,1,2.7179999351501465,2.567500114440918,145928000
2009,11,3.3295000076293944,3.289200019836426,1262622000
2010,46,8.04020004272461,8.064300060272217,628700000
2011,34,9.561199760437011,9.412900161743163,559710000
2011,51,8.925100135803223,9.009200096130371,507836000
2012,12,9.570199966430664,9.43380012512207,540136000
2012,50,12.506600189208985,12.538899993896484,306084000
2013,40,15.87899990081787,15.811900329589843,214544000
2016,42,40.77599945068359,40.873600006103516,278194000
2016,46,37.25359954833984,37.25709991455078,515788000
2017,19,47.597799682617186,47.46859970092773,291886000
2017,30,51.97659912109375,51.91279983520508,547160000
2017,39,47.47009963989258,47.54770050048828,338082000
2018,42,89.4739013671875,90.27940216064454,587470000
2019,9,82.22050018310547,81.85989990234376,339998000
2020,8,107.1870002746582,107.60050010681152,265688000
2022,23,118.9540008544922,120.65599975585937,439648100
2025,17,179.3260009765625,178.28800048828126,248380900
2025,26,214.7300018310547,213.91799621582032,277144100
1997,41,0.19838539958000184,0.19958340227603913,286296000
1998,41,0.8063801884651184,0.8268749952316284,2932272000
1999,3,3.0113282799720764,3.0597657561302185,2655092000
2000,37,2.1600000858306885,2.168749952316284,529946000
2001,49,0.5799000024795532,0.5868000030517578,1350208000
2003,16,1.2443750202655792,1.2432500123977661,656858000
2004,7,2.320300006866455,2.326800012588501,623314000
2004,14,2.2067000389099123,2.1797999858856203,606908000
2004,16,2.338199996948242,2.3625999450683595,604228000
2005,33,2.2088000774383545,2.2050000190734864,382576000
2005,52,2.397000014781952,2.415624976158142,378454000
2008,45,2.626300001144409,2.685400056838989,985194000
2010,41,7.848500156402588,7.776700019836426,591192000
2012,25,11.124399948120118,11.107200241088867,271222000
2012,46,11.218499946594239,11.218199920654296,311004000
2014,5,19.266099548339845,19.355899810791016,736846000
2014,27,16.59387493133545,16.485875129699707,209410000
2014,28,16.614500045776367,16.54360008239746,410648000
2015,47,32.8436996459961,32.71010055541992,496544000
2018,52,71.93149948120117,70.53050231933594,723656000
2022,40,118.55599822998047,118.16399993896485,258903800
2001,34,0.5034999966621398,0.5102000176906586,413182000
2003,12,1.3524999856948852,1.313099980354309,1047792000
2003,30,1.9322000026702881,1.8994999885559083,1847524000
2004,33,1.8139999866485597,1.80239999294281,855698000
2005,48,2.4342000484466553,2.427400016784668,865984000
2006,45,1.9455000400543212,1.9270999908447266,614962000
2007,36,4.214750051498413,4.141749978065491,687726000
2007,41,4.675399971008301,4.710600090026856,766462000
2009,29,4.199300003051758,4.1277000427246096,586926000
2012,11,9.19720001220703,9.169999885559083,395744000
2014,4,19.98824977874756,20.126999855041504,253328000
2016,52,38.23187446594238,38.481499671936035,264748000
2017,5,41.363600158691405,41.29269943237305,579080000
2019,28,99.7009994506836,99.12319946289062,379762000
2022,5,149.572900390625,149.42890319824218,703846000
2022,35,128.1239974975586,129.21999816894532,265019200
2023,11,96.4999984741211,94.51200103759766,375788700
2024,2,152.79999694824218,151.51199951171876,224548400
1997,47,0.2237500011920929,0.22135419845581056,406416000
2000,6,3.907499980926514,3.863593864440918,1149416000
2000,9,3.2556249618530275,3.2837499618530273,636450000
2005,16,1.6579999923706055,1.6616999864578248,736772000
2007,4,1.8456999778747558,1.8640000343322753,595784000
2008,6,3.5894000053405763,3.6037000179290772,1147814000
2008,36,3.9924999475479126,4.0312501192092896,562580000
2009,34,4.152700042724609,4.112399959564209,588986000
2015,1,15.425999641418457,15.628999710083008,55664000
2018,18,78.71100006103515,78.4916015625,441840000
2019,31,93.56319885253906,94.36020050048828,430886000
2020,31,153.0562957763672,154.05260009765624,489702000
2022,36,129.67000198364258,128.16750144958496,185165000
2000,30,1.7381250143051148,1.7574999570846557,1702096000
2001,11,0.5412500023841857,0.5443750023841858,499614000
2013,16,13.271999740600586,13.361599922180176,286768000
2013,41,15.275500106811524,15.395599746704102,264300000
2014,38,16.319700241088867,16.327799606323243,417188000
2017,1,38.591124534606934,38.2527494430542,356958000
1999,30,2.5715628147125242,2.6296093463897705,2219720000
1999,43,3.815624952316284,3.8375,1462856000
2004,45,1.8072999954223632,1.7988999843597413,854428000
2017,7,42.048300170898436,41.864599609375,315218000
2018,5,71.26340026855469,71.860400390625,764760000
2024,28,197.5919982910156,198.86599731445312,175514700
1998,37,0.6925782412290573,0.7109372466802597,1908300000
2001,10,0.6068750143051147,0.607656192779541,1423012000
2008,19,3.700099992752075,3.7397000312805178,658890000
2023,32,139.39600219726563,139.61000061035156,274775100
2021,21,162.2237976074219,162.54760131835937,259178000
2001,22,0.8315000087022781,0.8351249992847443,686938000
2003,42,2.963600015640259,2.9388999938964844,1013770000
2023,26,128.76199798583986,129.0280029296875,254051500
2001,3,0.9484374970197678,0.9492187350988388,509526000
1997,28,0.11479159891605377,0.1103125974535942,1028304000
1998,13,0.3479170024394989,0.3475521981716156,709992000
1998,21,0.368177205324173,0.37322940230369567,467112000
1999,21,2.916562795639038,2.971562623977661,1483524000
2000,14,3.2150000095367433,3.1862499713897705,723368000
2001,44,0.34110000133514407,0.3543999969959259,634188000
2001,51,0.5252999901771546,0.5376000046730042,895066000
2006,50,1.9467999696731568,1.9339000225067138,581184000
2007,14,2.060249984264374,2.0382499992847443,408252000
2009,5,2.572499942779541,2.5651999950408935,1634008000
2009,45,6.011199951171875,5.957900047302246,1013776000
2017,24,48.74050064086914,48.88280029296875,696974000
2018,36,99.30887413024902,100.12287521362305,526460000
2018,40,97.275,98.70669860839844,563872000
2021,2,156.32649841308594,156.86990051269532,356682000
2022,10,141.0177032470703,143.3772979736328,465214000
2023,28,131.13799896240235,131.0459991455078,281521600
2024,21,182.3239990234375,183.16600036621094,170641500
2025,30,229.74599914550782,229.07599792480468,177690600
1999,6,2.6046875953674316,2.6453125953674315,1203752000
2003,14,1.308199977874756,1.3132000207901,780180000
2004,3,2.755600023269653,2.6989999771118165,1128776000
2004,13,2.043999981880188,2.053900051116943,818596000
2006,8,1.9157499969005585,1.9273750185966492,508410000
2010,38,7.674399948120117,7.55930004119873,765200000
2012,1,9.676299858093262,9.52859992980957,471050000
2012,16,9.460400009155274,9.503099822998047,362428000
2012,39,12.678399848937989,12.706299972534179,317764000
2013,7,13.197100257873535,13.189200019836425,381666000
2017,12,42.41219940185547,42.50660018920898,268312000
2020,44,159.0331024169922,160.31999816894532,615268000
2020,45,159.27420043945312,158.64869995117186,588618000
2022,7,155.40639953613282,155.7584991455078,320010000
2023,5,105.0260009765625,104.05800018310546,520198300
2023,16,104.02200012207031,103.66399993896485,282580000
2023,34,133.90999755859374,134.43800048828126,204942700
2023,36,137.1775016784668,136.20249938964844,169269300
1997,46,0.1995313972234726,0.20406259894371032,518400000
1998,10,0.3109896004199982,0.3089582026004791,883512000
2002,44,0.9539999961853027,0.9488999962806701,706052000
2003,22,1.764375001192093,1.7241250276565552,816208000
2003,45,2.796399974822998,2.800500011444092,774804000
2004,35,1.9889000177383422,1.991700005531311,632798000
2009,2,2.80290002822876,2.7848000049591066,835892000
2011,1,9.280000114440918,9.259999847412109,443668000
2011,44,10.760000038146973,10.73400001525879,627158000
2012,17,9.958300018310547,9.877400016784668,863266000
2013,14,12.985200119018554,13.064500045776366,241830000
2015,29,23.40819969177246,23.168499755859376,414164000
2016,30,37.23289947509765,37.38209991455078,450336000
2019,35,88.57639923095704,88.781298828125,291864000
2021,12,154.3373016357422,154.62940368652343,331098000
2024,42,187.72799987792968,187.96600036621095,140707200
2006,12,1.7929999828338623,1.795199990272522,497222000
2007,7,1.986899995803833,1.969099998474121,498450000
2008,46,2.230000066757202,2.26080002784729,1251154000
2011,38,11.536500167846679,11.576500129699706,724260000
2017,50,58.51530075073242,58.438500213623044,304182000
2020,30,154.30499877929688,153.8595977783203,582260000
2020,40,158.13919982910156,158.27010192871094,464022000
2022,12,163.64230346679688,162.8761993408203,292266000
1999,40,4.144999980926514,4.0862500190734865,1555556000
2000,5,3.641874980926514,3.596874952316284,1858028000
2000,44,1.8418749570846558,1.7862500190734862,929620000
2005,10,1.7720999717712402,1.7810999870300293,593474000
2007,2,1.8802999973297119,1.8784000158309937,598910000
2009,42,4.772199916839599,4.7664999008178714,582974000
2011,22,9.63825011253357,9.693875074386597,297472000
2012,27,11.386999607086182,11.417624950408936,190958000
2014,35,16.980899810791016,16.940599822998045,255324000
2015,43,28.527399826049805,28.87010040283203,610746000
2016,47,39.072750091552734,39.02999973297119,306066000
2019,24,93.19619903564453,92.89949798583984,354780000
2023,21,116.37200012207032,115.81199798583984,365081900
2007,49,4.670299911499024,4.628999996185303,587090000
2018,17,75.28699951171875,76.59510192871093,808034000
2004,29,2.439200019836426,2.4478000164031983,631446000
2013,5,13.396499824523925,13.820999908447266,809130000
2011,13,8.836499977111817,8.81200008392334,513106000
2004,28,2.500749945640564,2.521499991416931,614798000
2009,17,4.005800008773804,3.973000001907349,1285932000
2011,9,8.592099952697755,8.628600120544434,537570000
2020,23,123.65449981689453,123.04949951171875,287698000
1997,30,0.11098960041999817,0.11052079945802688,144696000
1998,31,0.9615626096725464,0.9838541865348815,2288736000
1999,52,4.021250057220459,4.1818748950958256,985368000
2002,15,0.6708000063896179,0.6697999954223632,566604000
2003,27,1.8667500019073486,1.8447499871253967,446376000
2006,3,2.208625078201294,2.198249936103821,556772000
2006,6,1.9015000104904174,1.907200026512146,707902000
2007,51,4.431999969482422,4.43390007019043,701294000
2008,9,3.481500005722046,3.5225000381469727,1030248000
2008,38,3.8511000633239747,3.84539999961853,1248160000
2008,49,2.224499988555908,2.1537999629974367,1399186000
2009,26,4.021799993515015,4.003799962997436,787540000
2011,23,9.375,9.401700210571288,404936000
2013,25,13.847800064086915,13.864000129699708,300852000
2013,39,15.723999977111816,15.717899703979493,191490000
2014,23,15.76049976348877,15.582900047302246,394608000
2014,37,16.651299667358398,16.799499893188475,350980000
2016,36,38.969374656677246,39.08524990081787,248644000
2016,44,38.628700256347656,38.917999267578125,494796000
2017,15,44.878750801086426,45.01512432098389,236554000
2017,43,49.8848991394043,49.72200012207031,628696000
2018,24,85.32559967041016,85.04800109863281,317484000
2019,15,92.20159912109375,92.16819915771484,324008000
2021,22,160.57337188720703,161.0353775024414,181850000
2022,1,165.61829833984376,166.43210144042968,297112000
2023,19,109.01600189208985,108.36200103759765,296925400
2023,31,132.41200256347656,133.08799896240234,376741300
2025,37,232.5019989013672,234.1320037841797,197821700
1998,33,1.04375,1.034271001815796,2217096000
1999,22,2.6964847445487976,2.7238282561302185,1875724000
1999,37,3.2393750190734862,3.2668750286102295,772922000
2000,35,2.046875,2.059375023841858,691652000
2000,41,1.41875,1.405625009536743,870974000
2005,2,2.129300022125244,2.101799964904785,1065342000
2005,21,1.7742000102996827,1.7682000160217286,471262000
2006,25,1.801200008392334,1.7855999708175658,503956000
2007,13,1.973200011253357,1.9628999710083008,522380000
2007,29,3.657800006866455,3.6925000190734862,702264000
2008,21,3.98919997215271,3.9877999782562257,907800000
2009,22,3.8891249895095825,3.8619999289512634,445640000
2010,14,6.829399967193604,6.7546998977661135,768248000
2013,42,15.672900009155274,15.539000129699707,299782000
2014,42,15.27229995727539,15.231999778747559,444600000
2015,4,15.117500066757202,14.878875255584717,459984000
2015,19,21.238999938964845,21.239800262451173,267084000
2019,5,82.47160034179687,82.2958999633789,753416000
2021,16,167.1863983154297,167.70709838867188,266660000
2021,47,177.96974563598633,180.32737350463867,277034000
2024,4,156.90799865722656,156.98200073242188,224906800
1998,8,0.2589844986796379,0.2587892487645149,249744000
1998,17,0.36703120470046996,0.3773959994316101,1153488000
1998,26,0.7786460161209107,0.7471876025199891,4362012000
1999,4,2.964531421661377,3.081562614440918,2540556000
2001,28,0.8023000001907349,0.7882000088691712,705806000
2003,15,1.2981999874114991,1.3162999868392944,816062000
2009,41,4.644799995422363,4.608799839019776,716112000
2011,12,8.345199966430664,8.295899772644043,459296000
2012,38,12.96709976196289,13.00949993133545,322620000
2020,17,118.94889984130859,119.92539825439454,527022000
2023,49,146.10800170898438,145.60199890136718,229054400
2002,29,0.792299997806549,0.7928000092506409,742028000
2004,44,1.7061000108718871,1.7038000106811524,860944000
2005,6,1.7944000244140625,1.7944999933242798,809556000
2006,19,1.6994999885559081,1.717699980735779,511828000
2009,48,6.646374940872192,6.602874994277954,473832000
2010,11,6.573699951171875,6.600800037384033,574936000
2011,30,10.966100120544434,10.99429988861084,733692000
2012,28,10.966699981689453,11.024399948120116,249538000
2012,33,11.857700157165528,11.775199890136719,308218000
2015,33,26.385499954223633,26.315400314331054,282896000
2017,40,48.52169952392578,48.21850051879883,292964000
2019,20,93.1052001953125,92.82999877929687,490990000
2020,28,155.20899963378906,153.23880004882812,581008000
2020,53,164.35924911499023,163.99924850463867,334524000
2021,14,164.01439819335937,162.4614990234375,327450000
2024,8,171.31000137329102,171.03750228881836,201508000
2024,25,185.51250076293945,184.24250411987305,187780400
1997,36,0.12174474820494652,0.12044300138950348,159048000
2002,37,0.8411000013351441,0.8231999993324279,749090000
2003,28,1.959600043296814,1.9501999616622925,941208000
2004,26,2.5240000247955323,2.499399995803833,679274000
2010,44,8.35359992980957,8.32810001373291,564402000
2018,46,80.79880065917969,81.72360076904297,674396000
2021,50,170.17250366210936,169.84540100097655,340358000
2001,23,0.8117000102996826,0.8312000036239624,691774000
2010,22,6.263500094413757,6.2696250677108765,383976000
2011,19,10.177499961853027,10.133200073242188,508880000
2012,24,10.80449981689453,10.812099838256836,315074000
2015,32,26.560199737548828,26.744000244140626,332558000
2016,41,41.590399169921874,41.823500061035155,277738000
2017,13,43.40019989013672,43.008200073242186,340070000
2019,7,80.99609985351563,81.04339904785157,404012000
2001,39,0.33069999814033507,0.3511000037193298,660942000
2003,6,1.0991000175476073,1.1032000064849854,526736000
2003,23,1.748900008201599,1.7741000175476074,951132000
2004,20,2.136399984359741,2.116499996185303,773572000
2011,42,11.861300086975097,11.963100051879882,504024000
2012,6,9.233300018310548,9.218000030517578,577536000
1999,51,4.807031273841858,4.910937428474426,778234000
2004,32,1.8412999868392945,1.8625,867578000
2008,51,2.5830000400543214,2.5711999893188477,876254000
2009,4,2.494374990463257,2.4797499775886536,510466000
2023,12,98.77199859619141,99.1,292116300
2025,1,222.2050018310547,222.2699966430664,61472200
1999,10,3.2871877670288088,3.285312604904175,1329140000
2012,18,11.456299972534179,11.387100219726562,594918000
2019,16,92.93025016784668,92.93912315368652,248248000
1998,22,0.3568362519145012,0.35371124744415283,1043448000
2004,5,2.643499994277954,2.6869999408721923,1480020000
1997,1,0.24366333583990732,0.23819466928641,265680000
1999,35,3.038437604904175,3.075937604904175,2130460000
1999,42,3.905625009536743,3.9037499904632567,851502000
2000,29,2.0518750667572023,2.058749961853027,617814000
2000,45,1.6868749856948853,1.7450000047683716,604008000
2000,47,1.302343726158142,1.2865234911441803,643044000
2002,38,0.8485999941825867,0.8558000087738037,748428000
2002,40,0.8319000005722046,0.8342000126838685,813686000
2003,5,1.0914999723434449,1.0898000001907349,709210000
2003,36,2.3416249752044678,2.340624988079071,770304000
2004,4,2.838749945163727,2.820500075817108,624864000
2004,12,2.1182000160217287,2.1214999675750734,588338000
2004,27,2.6664999961853026,2.6563000202178957,781334000
2004,49,1.988599991798401,1.9856999874114991,790146000
2005,44,2.036300039291382,2.019900012016296,569416000
2006,10,1.8294000148773193,1.8379000186920167,547800000
2008,40,3.400500011444092,3.4308000087738035,1092552000
2009,44,6.09739990234375,6.095799922943115,1911942000
2012,13,10.165900039672852,10.125100135803223,672176000
2013,20,13.33420009613037,13.26130027770996,234816000
2013,30,15.188899993896484,15.139799880981446,414882000
2014,33,16.307699584960936,16.267699813842775,332812000
2018,35,98.73690032958984,98.10599975585937,493664000
2018,38,96.34809875488281,97.06680145263672,507730000
2018,47,75.33175086975098,75.93124961853027,541864000
2019,21,92.14930114746093,92.51739959716797,370678000
2020,21,122.57150115966797,122.67060089111328,413146000
2021,3,162.29199981689453,161.07875061035156,327458000
2023,38,134.2699981689453,136.15599975585937,280817300
2024,45,204.1199981689453,201.93199768066407,230303300
2025,2,222.69750213623047,224.83250045776367,121778800
2004,52,1.9598749577999115,1.9590000212192535,418564000
2006,11,1.8274999856948853,1.8325999975204468,439476000
2007,52,4.656999945640564,4.630874991416931,443218000
2009,46,6.502300071716308,6.461300086975098,823492000
2010,39,7.888300132751465,7.961799907684326,770348000
2010,51,9.192375183105469,9.15612506866455,395652000
2014,7,17.864600372314452,17.869199752807617,419094000
2014,8,17.4698748588562,17.614500045776367,337378000
2015,24,21.426399993896485,21.385800170898438,232208000
2015,34,26.134099578857423,26.37820053100586,361830000
2016,28,37.21259994506836,37.490299987792966,369464000
2018,25,86.54539947509765,86.60420074462891,414932000
2019,43,88.55669860839843,87.87750091552735,409056000
2019,52,91.50975036621094,90.82500076293945,304194000
2020,7,107.29450073242188,106.99779968261718,395490000
2021,11,154.12220153808593,153.82990112304688,336920000
2021,52,168.97859802246094,170.14309692382812,234494000
2023,51,153.447998046875,152.98599853515626,221826000
2024,43,187.53800354003906,187.67000427246094,137236600
2025,31,228.56999816894532,230.42400207519532,319625700
1998,49,1.631666612625122,1.677812361717224,3012996000
2000,34,1.921250009536743,1.922812581062317,393892000
2002,5,0.7154000043869019,0.7256999850273133,1525988000
2004,19,2.1766000270843504,2.1842000007629396,724276000
2008,14,3.771799993515015,3.707299995422363,781988000
2010,5,5.894200038909912,5.936100006103516,1941376000
2016,22,36.200124740600586,36.01175022125244,265506000
2016,49,38.30489959716797,38.154100036621095,349096000
2023,37,142.85800170898438,141.95800170898437,326841100
2025,20,208.20399780273436,209.30800170898436,277556600
1999,41,4.079062509536743,4.156875085830689,1007710000
1999,48,4.361250019073486,4.495156288146973,1257454000
2000,18,2.8375,2.7931250095367433,604370000
2000,46,1.4150000095367432,1.4287499904632568,612188000
2001,12,0.5112499833106995,0.5274999976158142,578496000
2003,18,1.4477999925613403,1.4345999956130981,1067020000
2004,53,2.2095999717712402,2.1829999685287476,1420856000
2006,4,2.2125,2.2039000511169435,468916000
2006,27,1.857875019311905,1.8822500109672546,330942000
2009,52,6.799375057220459,6.728000044822693,648120000
2013,46,17.967000198364257,17.75999984741211,320590000
2013,47,18.34919967651367,18.377099990844727,226876000
2014,14,16.779399871826172,17.034499740600587,626140000
2014,40,16.028699684143067,16.011799812316895,284824000
2021,7,164.4464988708496,164.1037483215332,264096000
2021,10,152.7552032470703,153.10450134277343,328516000
2007,35,3.925100040435791,3.9377999782562254,571626000
2011,8,8.901124954223633,8.996750116348267,399340000
2015,53,34.1766242980957,34.01887512207031,335744000
2006,28,1.7273000001907348,1.754800009727478,588206000
2006,33,1.4046000003814698,1.382099986076355,729222000
2007,6,1.9223000049591064,1.9107999801635742,733410000
2011,18,9.943199920654298,9.935799980163575,613240000
2002,45,0.9546999931335449,0.9468000054359436,846622000
2009,20,3.7944000720977784,3.8007999897003173,770936000
2011,52,8.71399998664856,8.713750123977661,381990000
2014,47,16.376900100708006,16.370999908447267,390386000
2002,52,1.0409999936819077,1.0689999759197235,858904000
2013,28,14.81659984588623,14.625100135803223,323582000
2020,27,140.10249710083008,138.0634994506836,418998000
2025,22,205.36249923706055,205.46999740600586,149771200
2017,42,49.81990051269531,50.06829986572266,246032000
2004,1,2.5950000286102295,2.638000011444092,132798000
1998,51,2.195729207992554,2.0904166221618654,5383008000
1998,53,2.764062464237213,2.7734375,2107764000
2001,16,0.770799994468689,0.764900016784668,964066000
2001,29,0.8178999900817872,0.8152999997138977,472872000
2006,47,2.1293750405311584,2.124500036239624,391154000
2006,52,1.996999979019165,2.005375027656555,335052000
2007,1,2.607624977827072,2.622499942779541,621968000
2007,23,3.616399955749512,3.5753000259399412,1835134000
2007,38,4.456099987030029,4.430700016021729,643458000
2008,23,4.069799900054932,4.073200035095215,706518000
2008,42,2.6754000186920166,2.721499967575073,1595730000
2012,35,12.316399955749512,12.315999794006348,288792000
2013,15,13.275800132751465,13.114099884033203,254630000
2013,17,13.307399940490722,13.348500061035157,527780000
2013,52,20.057374477386475,20.158124923706055,157906000
2014,22,15.59137511253357,15.609500169754028,284276000
2016,39,41.10350036621094,40.825199890136716,404918000
2018,9,75.40079956054687,75.35910034179688,554032000
2019,12,88.85299987792969,88.42580108642578,603794000
2020,11,89.7490005493164,89.79570007324219,814544000
2020,15,101.18687629699707,100.2301254272461,390220000
2021,8,156.84860229492188,157.3384979248047,400278000
2021,20,161.85230102539063,162.2790985107422,319402000
2022,31,138.48800354003907,137.31400451660156,331869000
2022,39,115.07400207519531,114.91199951171875,297031100
2024,11,175.41600036621094,175.60799865722657,211721200
2024,37,182.59200134277344,180.78400268554688,167875500
2025,5,236.5919982910156,234.6320007324219,185238100
2025,13,200.83600158691405,201.75,185517800
1997,34,0.10614559948444366,0.10572920143604278,102480000
1997,39,0.21744779944419862,0.2155210018157959,810408000
1998,32,0.9163541913032531,0.9138540029525757,2121504000
2001,20,0.7049999952316284,0.7025000095367432,628632000
2003,4,1.076875001192093,1.076875001192093,913130000
2005,1,2.118000030517578,2.123800039291382,1135134000
2005,17,1.6283999919891357,1.6191999912261963,1450478000
2005,24,1.7603999853134156,1.7592000007629394,434596000
2010,18,6.519400024414063,6.587900066375733,997942000
2010,40,7.834799957275391,7.833199977874756,571354000
2011,32,9.935800170898437,9.911499977111816,853972000
2011,35,10.552199935913086,10.450899696350097,546780000
2013,19,12.959200286865235,12.908799934387208,281462000
2015,15,18.98839988708496,18.85880012512207,252156000
2015,27,21.73812484741211,21.819125175476074,173612000
2016,15,30.60559997558594,30.392100143432618,319470000
2016,20,35.047000122070315,35.02520065307617,415586000
2016,23,36.22669982910156,36.28239974975586,265134000
2016,32,38.47229995727539,38.4240005493164,180994000
2019,34,89.95320129394531,90.72999877929688,294038000
2020,12,90.54009857177735,89.53289947509765,993948000
2022,41,111.64199981689453,112.45599822998047,299106000
2025,34,226.81999816894532,226.57599487304688,161200000
1999,44,3.293750047683716,3.3793749809265137,1293800000
2001,50,0.5768999934196473,0.5862000107765197,972474000
2003,48,2.634124994277954,2.5787500143051147,745870000
2005,15,1.7052000284194946,1.7157000064849854,474776000
2006,2,2.2642000198364256,2.278700017929077,747538000
2008,27,3.6298750042915344,3.6742499470710754,573784000
2011,27,10.77999997138977,10.628375053405762,260912000
2012,29,11.048700141906739,10.962899971008301,314072000
2012,42,12.204599952697754,12.24020004272461,363344000
2015,7,18.77699966430664,18.669299697875978,281290000
2018,49,84.61349868774414,85.56750106811523,638446000
2019,51,89.22679901123047,89.20149993896484,358892000
2020,26,136.60079956054688,137.05130004882812,428732000
2022,22,122.43862533569336,121.1049976348877,470326000
2024,46,208.78800048828126,209.43799743652343,249823200
2000,26,1.8174999952316284,1.8006250143051148,1380546000
2000,36,2.224999964237213,2.23828125,738530000
2012,26,11.209600067138672,11.153800010681152,310896000
2016,35,38.5109001159668,38.51380081176758,190314000
2016,37,38.418000030517575,38.236000061035156,345962000
2023,22,122.31500053405762,122.35750007629395,252755100
2025,15,180.62200012207032,176.94399719238282,432738100
2006,9,1.8665999889373779,1.8616999626159667,764202000
2007,26,3.4158000469207765,3.42330002784729,843660000
2009,47,6.527799987792969,6.527200031280517,692612000
2011,24,9.322499847412109,9.360899925231934,530024000
2011,28,10.605299949645996,10.727400016784667,404488000
2012,34,12.098399925231934,12.054699897766113,261756000
2021,27,185.28837203979492,182.66962432861328,420034000
2021,51,169.90037536621094,168.59962463378906,205152000
2022,38,119.29600067138672,120.21600036621093,273832900
2002,6,0.590499997138977,0.5955000042915344,1111378000
2004,48,1.9275000095367432,1.9305000305175781,491056000
2001,4,0.9782811999320984,0.9768750071525574,703040000
2012,22,10.563875198364258,10.554500102996826,313352000
2017,36,48.480499267578125,48.71025085449219,203704000
2010,4,6.139799976348877,6.178899955749512,1862252000
2002,10,0.8075000047683716,0.7890000104904175,1114154000
1997,22,0.0764975007623434,0.07721349969506264,386784000
1999,17,4.7343751907348635,4.877187633514405,2226780000
2000,2,3.296875,3.390000009536743,1067936000
2000,33,1.8831249952316285,1.8293749809265136,737856000
2002,18,0.8173000097274781,0.8208999991416931,650346000
2003,19,1.5295000076293945,1.5082000017166137,998914000
2004,42,1.9799999713897705,1.9953999996185303,816026000
2006,26,1.871500015258789,1.8536999940872192,491244000
2007,31,3.9506000518798827,4.021999979019165,1244544000
2010,10,6.548399925231934,6.516499996185303,613880000
2012,51,12.906699943542481,12.818600082397461,336544000
2013,29,15.314699935913087,15.32199993133545,259448000
2015,6,18.409399795532227,18.095899963378905,635088000
2015,46,32.96370010375976,33.0947998046875,469428000
2016,5,26.963699722290038,27.559299850463866,772476000
2016,31,38.09710006713867,37.99250030517578,332912000
2018,2,63.3577995300293,62.71179962158203,383910000
2018,15,71.4863998413086,71.8510009765625,377302000
2023,7,99.15,98.47200012207031,273370600
2023,43,124.76399841308594,125.047998046875,395043700
2024,31,180.77200012207032,181.92999877929688,326330000
1999,9,3.097187614440918,3.173125219345093,1631292000
1999,32,2.2831252098083494,2.2762500286102294,1716340000
2000,11,3.2574999809265135,3.231249952316284,630478000
2002,24,0.8577000021934509,0.8639999985694885,736010000
2008,18,3.9800999641418455,4.016600036621094,818918000
2008,24,3.916499948501587,3.934600067138672,613126000
2011,40,10.902300071716308,10.81919994354248,709556000
2015,12,18.72140007019043,18.616200256347657,254490000
2015,17,20.055799865722655,19.909800338745118,765824000
2016,40,41.96220016479492,42.04400100708008,285980000
2018,1,63.33910064697265,62.936100006103516,386492000
2020,52,159.6332550048828,160.02187728881836,195038000
2022,28,111.11000061035156,111.20200042724609,304602600
2022,49,89.43199920654297,90.00599975585938,355830400
2025,33,225.8679992675781,225.197998046875,206535300
1997,31,0.12062499970197678,0.11875000149011612,298968000
1998,23,0.36145839691162107,0.36531259417533873,624984000
2000,21,2.391249990463257,2.456875038146973,686342000
2001,18,0.8408999919891358,0.8184999942779541,599598000
2004,23,2.5116249322891235,2.478250026702881,926816000
2005,11,1.7078000068664552,1.7085999965667724,520536000
2005,51,2.43919997215271,2.4373000144958494,575894000
2006,44,1.8871000051498412,1.893400001525879,606662000
2007,16,2.2485000133514403,2.235499954223633,732590000
2007,39,4.660299968719483,4.641700077056885,490376000
2012,48,12.37450008392334,12.244900131225586,381562000
2014,26,16.290999984741212,16.295700073242188,253498000
2016,6,24.715500259399413,24.581099700927734,729436000
2016,8,27.768599700927734,27.591400146484375,505032000
2017,2,40.226199340820315,40.028900146484375,353262000
2017,18,47.078799438476565,47.05719985961914,363656000
2018,23,84.30659790039063,84.06080017089843,403278000
2019,23,87.19140014648437,87.10260009765625,550302000
2020,36,171.44149780273438,172.48569946289064,569850000
2021,25,173.13759765625,174.11119995117187,344170000
2022,37,128.32599945068358,128.5259994506836,340392700
2022,52,83.26000022888184,83.44000244140625,232909700
2023,47,145.87000274658203,145.0775032043457,181224700
1997,43,0.22296879887580873,0.21031239926815032,747312000
2000,49,1.203749990463257,1.233750009536743,1013370000
2005,14,1.7460000276565553,1.737599992752075,487432000
2006,13,1.8046000242233275,1.7952999830245973,466862000
2010,20,6.22209997177124,6.244299983978271,678474000
2015,14,18.614999771118164,18.596374988555908,173208000
2018,50,81.98099975585937,82.88840026855469,639520000
2022,29,120.35799865722656,119.50599975585938,303077400
1997,26,0.07520840018987655,0.07609359920024872,165648000
2003,11,1.181500005722046,1.160800004005432,682598000
2006,5,2.148299956321716,2.1562999725341796,1457956000
2007,10,1.9092999935150146,1.9077000141143798,897756000
2011,48,9.679900169372559,9.701100158691407,727066000
2016,12,28.33799982070923,27.77662467956543,366510000
2019,36,90.80862426757812,90.43962669372559,233496000
2024,35,174.00799865722655,174.10799865722657,151090400
1999,1,3.4996875762939452,3.3827083587646483,5045576000
2009,28,3.8682000160217287,3.892099952697754,694732000
2016,3,28.970624923706055,28.797000408172607,456918000
2017,33,48.63260040283203,48.88199996948242,313030000
2022,45,92.81399993896484,92.60599975585937,542000700
2014,25,16.38819999694824,16.434200286865234,463000000
2015,44,30.891699981689452,30.669100189208983,395068000
2019,37,91.57779846191406,91.55530090332032,256820000
2025,11,196.3719970703125,197.16000061035157,239400600
2002,46,1.0264999866485596,1.0016000032424928,1197074000
2004,24,2.5485000014305115,2.5626250505447388,549422000
2018,45,84.9343994140625,84.36420135498047,610228000
2022,16,151.50890197753907,152.8238983154297,298118000
2001,15,0.6397500038146973,0.6153749823570251,1344358000
2008,50,2.5185999393463137,2.4726999759674073,965154000
1998,38,0.6464586019515991,0.6393751859664917,2612148000
1997,52,0.23059900104999542,0.22968750074505806,167064000
1999,39,3.6637499809265135,3.5199999809265137,3020056000
2002,43,0.9754999876022339,0.9621000051498413,1017628000
2005,43,2.1085999727249147,2.1319000005722044,1238976000
2006,29,1.6901000022888184,1.6817999839782716,685028000
2008,22,4.033375024795532,4.0022499561309814,578740000
2009,24,4.298000049591065,4.325900077819824,547670000
2013,37,14.964900016784668,14.9621000289917,162428000
2015,45,32.096299743652345,31.86520004272461,394398000
2020,18,118.22830047607422,119.01950073242188,696276000
1997,24,0.0800000011920929,0.0816670000553131,226488000
2005,26,1.675600004196167,1.6991999626159668,501046000
2007,21,3.4407999992370604,3.3999999523162843,2601488000
2008,20,3.7586999893188477,3.728000020980835,598996000
2011,41,11.864699935913086,11.713399887084961,548296000
2012,52,12.509249925613403,12.607249736785889,212702000
2014,12,18.566300201416016,18.734499359130858,308116000
2014,41,15.88640022277832,15.95019989013672,307566000
2014,52,15.311874866485596,15.253750085830688,222502000
2016,11,28.36180000305176,28.450900268554687,481874000
2017,23,50.12990112304688,50.49739990234375,386098000
2018,33,94.6720977783203,95.17180023193359,505594000
2022,24,104.70599975585938,103.902001953125,435976000
2024,10,175.4760009765625,176.25399780273438,178657200
2024,12,177.10999450683593,176.78000183105468,148898500
2024,39,191.9000030517578,192.92999877929688,179200300
1997,29,0.1128128007054329,0.11437519937753678,417048000
1998,20,0.37692700028419496,0.3792187988758087,1003632000
2002,51,1.1069000005722045,1.1023000001907348,462054000
2005,37,2.1703999996185304,2.167700004577637,566044000
2006,23,1.6800000190734863,1.6848999977111816,563468000
2008,10,3.195900011062622,3.1786999702453613,1206650000
2013,11,13.480299949645996,13.543199920654297,342558000
2014,50,15.396599960327148,15.38439998626709,347020000
2016,33,38.189299774169925,38.30830078125,188324000
2019,49,88.04330139160156,88.53110046386719,318356000
2021,42,170.76510314941407,171.10559692382813,254410000
2025,24,214.6260009765625,214.13600158691406,165709600
1999,2,3.871875,3.897499942779541,2685752000
2003,8,1.0714999735355377,1.048000007867813,494966000
2006,32,1.3190999984741212,1.3315999984741211,623386000
2008,8,3.596249997615814,3.6240000128746033,781068000
2010,47,8.662999868392944,8.53250002861023,538438000
2011,45,10.743900108337403,10.770100212097168,453256000
2016,51,38.34749984741211,38.302099609375,247732000
2019,42,88.26230163574219,88.28670043945313,275904000
2021,48,173.39510192871094,175.7114013671875,365688000
2022,4,141.40359802246093,141.53059997558594,493958000
1998,4,0.2512369975447655,0.2522137500345707,655920000
1999,38,3.1824999809265138,3.1718749523162844,991464000
2001,5,0.8700000047683716,0.9193750023841858,1240638000
2003,47,2.458199977874756,2.494599962234497,1224142000
2004,8,2.252750039100647,2.2681249380111694,678190000
2006,1,2.3793749809265137,2.3761250376701355,531864000
2013,44,18.04970054626465,18.088600158691406,322424000
2019,40,86.48860015869141,86.39750213623047,299408000
2019,45,89.76220092773437,90.02820129394532,229232000
2020,38,153.0083984375,155.30079956054686,568100000
2024,36,174.7150001525879,176.06750106811523,149763700
1998,40,0.9220831990242004,0.9307291984558106,3505176000
2002,48,1.1884999871253967,1.1990000009536743,494804000
2010,36,6.989750027656555,6.957874894142151,394262000
2015,52,33.17687511444092,33.3147497177124,194656000
2017,22,49.92499923706055,49.92612552642822,267666000
2022,47,93.29999923706055,93.40500068664551,241025600
2023,41,130.33799743652344,129.98600158691406,223009300
2024,9,175.28199768066406,174.3959991455078,189477400
2001,8,0.6023437529802322,0.6218750029802322,550816000
2008,16,3.738400030136108,3.6835000038146974,818514000
2004,22,2.2605999946594237,2.1944000720977783,889956000
2013,4,13.696875095367432,13.582000017166138,260634000
2019,26,94.8791000366211,95.28080139160156,258326000
1997,20,0.09218749776482582,0.11015650257468224,1737120000
2003,41,2.806800031661987,2.7744000434875487,1493466000
2007,15,2.098800039291382,2.0893999576568603,420948000
2019,11,84.33109741210937,83.72319946289062,430808000
2022,26,109.06199951171875,110.4739990234375,374152000
1997,25,0.0762499988079071,0.07765640020370483,249504000
1997,42,0.1915104031562805,0.19552080035209657,214656000
1997,45,0.24046879708766938,0.2453123986721039,259968000
1998,27,0.9096354842185974,0.8544270098209381,2538384000
1998,34,1.0598960161209106,1.0444792270660401,1658448000
1998,35,1.03085960149765,1.0692710041999818,1995096000
1999,14,4.535312557220459,4.483437728881836,1238840000
2000,13,3.4299999713897704,3.453749990463257,519644000
2000,25,2.133749985694885,2.196250009536743,1545564000
2000,40,1.7206249952316284,1.7606249809265138,690722000
2001,31,0.6187999963760376,0.6240999937057495,440558000
2001,40,0.3309000015258789,0.3231000006198883,622274000
2002,3,0.4943000078201294,0.5057000100612641,1084594000
2003,20,1.629300022125244,1.6066999673843383,878420000
2003,24,1.717300009727478,1.731599998474121,777854000
2003,39,2.4613000392913817,2.438800001144409,1386758000
2003,50,2.5140999794006347,2.5242000579833985,873752000
2007,5,1.8823999881744384,1.8612000226974488,1429196000
2008,31,3.8448999881744386,3.850500059127808,697872000
2010,28,6.070100021362305,6.029400062561035,588146000
2010,52,9.093499946594239,9.116799926757812,255152000
2011,15,9.086399841308594,9.111400032043457,414170000
2011,17,9.552299880981446,9.454600143432618,1044040000
2012,7,9.297900009155274,9.274199867248536,867496000
2015,16,19.125200271606445,19.18010025024414,246628000
2015,42,27.77120018005371,27.505799865722658,370980000
2016,25,35.61470031738281,35.543000030517575,370654000
2019,6,81.34969940185547,81.48090057373047,472124000
2020,5,94.18989868164063,94.3397003173828,606384000
2021,13,154.8262481689453,153.8431282043457,222356000
2022,11,152.1626007080078,149.35690307617188,410524000
2022,30,122.82999877929687,122.45399780273438,410016800
2023,4,98.49599914550781,96.96399841308593,393991400
2023,8,94.92250061035156,95.02249908447266,221635300
2023,17,105.80599975585938,106.70000305175782,489083300
2025,23,208.21400146484376,208.1179992675781,183864700
1999,28,3.278437614440918,3.211875009536743,1671408000
2001,19,0.7741000175476074,0.7913999915122986,508914000
2001,35,0.46920000314712523,0.4800999879837036,382874000
2003,52,2.6144999861717224,2.5679999589920044,630838000
2004,2,2.6003000259399416,2.591499996185303,992236000
2006,43,1.8072999715805054,1.780399990081787,2095276000
2008,33,4.364600086212159,4.277700042724609,1081576000
2011,2,9.273800086975097,9.249199867248535,317980000
2013,24,13.773000144958496,13.757799911499024,264476000
2014,21,15.201099967956543,15.055799865722657,308368000
2015,26,22.01319999694824,21.973899841308594,251028000
2018,16,75.57569732666016,75.26369934082031,504316000
2018,32,93.81569976806641,93.11849975585938,384652000
2019,3,83.64969940185547,83.2321990966797,572014000
2019,18,96.39749908447266,96.74519805908203,419776000
2020,51,160.00780029296874,159.94010009765626,427458000
2021,36,174.85124588012695,175.21875,218156000
2022,6,158.56709899902344,158.9257049560547,392818000
2022,33,142.1179992675781,142.23800354003907,231518800
2022,44,94.32600250244141,97.76599884033203,654167800
2024,3,153.4275016784668,152.90500259399414,165839800
2024,38,187.93399963378906,187.7719970703125,226527100
2002,22,0.9321250021457672,0.9448750019073486,401618000
2003,46,2.655900001525879,2.6682999610900877,894764000
2005,22,1.8001250326633453,1.7964999675750732,497092000
2006,16,1.8080999851226807,1.8130000114440918,462590000
2007,25,3.4927000045776366,3.528500032424927,896990000
2009,9,3.1815000057220457,3.1640999794006346,909862000
2013,2,13.344700241088868,13.318500137329101,309260000
2014,48,16.78612470626831,16.748250007629395,207092000
2017,8,42.618499755859375,42.60062599182129,265494000
2017,29,51.1572998046875,50.885599517822264,330326000
2017,34,47.75900115966797,47.858900451660155,342066000
2017,44,55.256299591064455,54.983699798583984,425640000
2021,44,170.1084991455078,168.3281005859375,399674000
2023,23,124.16400146484375,124.50600128173828,302863900
2001,6,0.7299999952316284,0.7324999928474426,971656000
2006,46,2.094900035858154,2.05840003490448,979666000
2007,18,3.0996999740600586,3.0817999839782715,1694134000
2008,37,3.947499990463257,3.971000099182129,781016000
2010,23,6.050000095367432,6.095399951934814,713728000
2019,17,95.65710144042968,95.17599792480469,524434000
2000,3,3.221875011920929,3.239062488079071,621406000
2024,7,170.25399780273438,170.21200256347657,248173900
2024,13,179.55500411987305,179.55249786376953,130798700
2024,34,178.0760009765625,178.83999938964843,154181700
2025,6,236.7259979248047,236.1199981689453,244163400
1999,8,2.92875018119812,2.8643750190734862,2543860000
2001,38,0.3705000042915344,0.3630000054836273,955558000
2010,9,6.334000015258789,6.242199993133545,922268000
2014,2,19.922500228881837,19.955999755859374,243712000
2019,22,90.58762741088867,90.89212417602539,304894000
2000,17,2.6381249904632567,2.5781250476837156,878998000
2008,4,3.846500039100647,3.7799999713897705,1062842000
2014,30,17.613600158691405,17.496800231933594,655796000
2017,9,42.455499267578126,42.47159957885742,246812000
2023,40,127.02000122070312,126.45399932861328,230295900
2001,47,0.44587500393390656,0.4507500007748604,610656000
2015,49,33.58759994506836,33.76089935302734,486348000
2001,37,0.43149998784065247,0.41999998688697815,116672000
1998,52,2.6894530057907104,2.6680989861488342,1702440000
1999,19,3.5328125953674316,3.5643752098083494,1165516000
2000,20,2.841249942779541,2.8293750286102295,537882000
2000,23,2.609375,2.654062604904175,409402000
2001,21,0.8206999897956848,0.8029999971389771,714630000
2004,6,2.3099000453948975,2.3578999996185304,1599172000
2004,31,1.9335999965667725,1.955299973487854,978448000
2005,18,1.6874999761581422,1.667899990081787,699258000
2005,19,1.7044000148773193,1.7078999996185302,519028000
2005,20,1.7569000005722046,1.741100001335144,550804000
2005,30,2.101699948310852,2.070800042152405,2039224000
2006,34,1.4063999652862549,1.4142999649047852,454158000
2008,7,3.761299991607666,3.7629000186920165,938006000
2014,15,16.054800033569336,16.15939998626709,642516000
2014,18,15.169900131225585,15.130899810791016,668028000
2015,2,14.932899856567383,15.085500144958496,292286000
2016,1,31.184200286865234,31.666099548339844,661082000
2016,27,36.85112476348877,36.59974956512451,254892000
2019,8,81.25850105285645,80.92937660217285,271978000
2019,44,88.87879791259766,88.47109985351562,280136000
2020,33,157.0010986328125,157.52680053710938,326164000
2020,50,156.5739990234375,156.68919982910157,324666000
2021,40,162.63840026855468,163.05960083007812,294652000
2023,50,147.9199981689453,147.52200012207032,317107900
2024,16,180.41400146484375,183.04400024414062,199027900
1997,51,0.22223959863185883,0.221875,349584000
1998,14,0.3746615946292877,0.3698960065841675,1097088000
2001,33,0.5052999973297119,0.5054999947547912,491696000
2001,52,0.5303749963641167,0.5419999957084656,910668000
2002,8,0.6537500023841858,0.6512499898672104,648992000
2002,23,0.9067000150680542,0.8986999988555908,510932000
2003,17,1.3035000324249268,1.2992000102996826,1608534000
2009,7,3.2158999919891356,3.230299949645996,814238000
2010,21,6.223499965667725,6.172100067138672,542328000
2014,19,14.807000160217285,14.928499794006347,442572000
2014,51,14.976400184631348,15.10509967803955,624472000
2018,3,64.84699821472168,65.5148754119873,421598000
2022,51,85.18399963378906,85.55800018310546,356012000
2023,3,95.61000061035156,96.13249969482422,288809600
1997,32,0.11239580065011978,0.11333339959383011,223848000
1997,40,0.20427080392837524,0.20708340108394624,313320000
2000,48,1.2928125858306885,1.3056249856948852,1001660000
2003,13,1.3583999872207642,1.3539000034332276,840170000
2003,34,2.2126999855041505,2.175699996948242,1009080000
2004,43,1.9002000093460083,1.9160000085830688,1529114000
2005,45,2.096000003814697,2.0803999423980715,427524000
2007,40,4.639200019836426,4.655699920654297,483172000
2008,13,3.65479998588562,3.691599988937378,704590000
2008,39,3.5943000316619873,3.694000005722046,756488000
2008,48,2.1418749690055847,2.0722499787807465,889708000
2011,46,10.504100036621093,10.67760009765625,683824000
2014,32,15.68110008239746,15.601200103759766,299828000
2019,41,86.12340087890625,86.41889953613281,251408000
2021,33,161.29869995117187,162.00379943847656,333064000
2023,30,129.30800170898436,129.36399993896484,237666000
2023,48,146.83999938964843,146.6239990234375,242850800
1998,6,0.252552205324173,0.25239580273628237,410640000
2008,26,3.917899990081787,3.9598999977111817,902196000
2009,14,3.7288999557495117,3.66080002784729,824190000
2011,6,9.202499961853027,9.05909996032715,623632000
2011,39,11.224399948120118,11.404100036621093,879946000
2012,4,9.49580020904541,9.451700019836426,481962000
2012,43,11.577400016784669,11.652599906921386,614366000
2014,31,15.829699897766114,16.013800048828124,508366000
2017,51,58.98699951171875,59.15,232296000
2020,49,159.40959777832032,160.2230010986328,350716000
2023,39,127.26600341796875,127.49599914550781,302586100
1997,33,0.10994799882173538,0.11114580184221268,100800000
1999,26,2.9915627956390383,2.9312499523162843,1420344000
2002,42,0.9541000008583069,0.9486999988555909,1067458000
2006,24,1.7079999923706055,1.697099995613098,516182000
2006,41,1.6578000068664551,1.648199987411499,568162000
2007,24,3.564699983596802,3.580900049209595,1059700000
2010,50,8.793799781799317,8.783199882507324,446542000
2013,33,14.532900047302245,14.613000106811523,199066000
2015,38,26.50270004272461,26.36270065307617,371570000
2016,16,31.477399826049805,31.47959976196289,374128000
2016,50,38.22050018310547,38.4088996887207,447082000
2017,21,49.117200469970705,48.948699951171875,315900000
2018,28,88.46739959716797,87.69010009765626,362812000
2020,19,117.32270050048828,116.72740020751954,356584000
1999,5,2.928749942779541,2.9268749237060545,1296724000
1999,33,2.7012502193450927,2.6543749809265136,1948072000
2025,10,203.4260009765625,204.43000183105468,252078200
1998,3,0.2356770008802414,0.22916679978370666,636120000
2007,45,4.211500072479248,4.245900058746338,944166000
2010,48,8.83650016784668,8.884600067138672,653448000
2008,47,1.8687000274658203,1.892899990081787,1434974000
2023,15,100.96600036621093,100.63600006103516,273789600
2024,22,179.98250198364258,180.30999755859375,150024900
2024,23,181.6519989013672,180.41799926757812,149494100
2001,42,0.438400000333786,0.448499995470047,744130000
2009,53,6.871624946594238,6.956624984741211,572014000
